"mv_start","scr_start","scr_end"
  "8137", "9406", "17402"
  "27050", "28440", "36839"
  "46870", "48118", "57907"
  "67615", "68784", "78472"
  "89973", "91382", "104716"
  "114908", "115653", "124958"
  "133176", "134405", "144355"

  "10313", "11662", "22115"
  "33314", "34885", "45157"
  "56195", "57182", "69831"
  "89932", "91463", "107536"
  "124133", "125442", "139158"
  "158071", "158776", "171989"
  "184155", "185021", "197952"

  "7372", "8762", "20565"
  "32005", "33536", "43989"
  "66125", "66991", "77948"
  "95129", "96478", "105864"
  "121776", "123146", "131726"
  "153237", "154043", "163832"
  "182020", "183430", "194447"

  "8459", "9628", "20182"
  "34039", "35107", "46769"
  "58713", "60062", "68481"
  "89691", "90899", "99943"
  "112007", "113135", "122864"
  "135029", "135855", "144153"
  "158776", "159844", "169612"


  "8157", "10594", "19779"
  "29004", "30978", "39961"
  "49307", "50555", "56316"
  "64554", "66085", "75974"
  "83849", "85360", "97062"
  "108442", "109570", "118856"
  "126409", "127557", "138957"

  "10635", "11561", "21149"
  "33516", "34764", "45822"
  "57686", "58874", "71160"
  "84212", "85340", "97848"
  "109349", "110799", "122642"
  "132451", "133579", "143569"
  "154567", "155755", "167034"

  "7271", "8600", "18873"
  "27977", "29366", "39719"
  "49085", "50132", "61190"
  "71019", "72127", "81372"
  "90234", "91523", "103890"
  "113035", "114001", "124898"
  "133841", "134949", "146873"

  "7835", "8943", "21028"
  "29366", "30575", "41290"
  "51865", "52852", "63084"
  "72510", "73698", "84554"
  "95814", "96901", "107899"
  "116962", "117990", "128483"
  "138433", "139239", "151727"


"15187","16516","25721"
"34523","35288","46044"
"53214","53859","69650"
"77585","78492","90980"
"99278","100164","112471"
"120769","121474","135251"
"140427","141454","153882"

"6204","7674","18470"
"25761","26728","39276"
"49871","50475","67857"
"87213","88240","103890"
"112028","112813","125381"
"136500","136641","154385"
"165604","166108","178495"

"11702","12810","23284"
"34664","36235","50858"
"60203","60928","73336"
"82339","83306","93840"
"103447","104172","119883"
"126953","127516","141535"
"150760","151545","163630"

"10917","11722","24996"
"33898","35147","46064"
"53395","54684","66508"
"73819","75068","89469"
"98714","99600","115593"
"124113","125240","139481"
"148806","149692","160911"  


    "8379","9507","20021"
    "27916","29004","41290"
    "51200","52187","62983"
    "74423","77122","89832"
    "98754","100809","111907"
    "120769","121011","134304"
    "146127","147316","160448"

    "8419","9064","21833"
    "30635","31542","45137"
    "54443","55551","67555"
    "75652","77062","89550"
    "98875","99983","113760"
    "123649","125704","136580"
    "147557","149269","161173"

    "7513","8741","24210"
    "33294","34214","50354"
    "58854","59941","70375"
    "79922","80889","93256"
    "103165","105139","118936"
    "130558","130880","144335"
    "153459","154406","167155"

    "9124","10413","21914"
    "31804","32287","44493"
    "54322","55188","67031"
    "79680","80546","95250"
    "103387","104535","117345"
    "127416","128362","141475"
    "149471","150558","163953"


  "8621","10051","21874"
  "37423","38692","50958"
  "62177","62983","75813"
  "85985","87576","99943"
  "112269","113397","125643"
  "136157","136641","149713"
  "157044","158817","171143"

  "7593","9225","24895"
  "35107","36134","47877"
  "55772","56336","68280"
  "76760","77888","90255"
  "99681","100688","111162"
  "120427","121132","132914"
  "142764","144476","155453"

  "10695","11702","24230"
  "34805","36074","47736"
  "60787","61754","72691"
  "83245","84353","94907"
  "106811","107818","120346"
  "133781","134445","147618"
  "156017","156621","168988"

  "9426","10735","21552"
  "35449","35275","46990"
  "59619","60465","73235"
  "87455","88200","99258"
  "140165","115129","127879"
  "140145","140810","151606"
  "164698","167357","179663"


  "10051","11199","22196"
  "30172","31300","41733"
  "51301","52388","64131"
  "74020","75652","90053"
  "99600","100527","114163"
  "123790","124334","138453"
  "147275","148041","159824"

 "7211","8399","20927"
 "28823","30092","40364"
 "49347","51623","63023"
 "71825","72892","82802"
 "90778","92450","102561"
 "114505","115049","125724"
 "134707","136761","147155"

  "8359","10735","22256"
  "29185","30797","40928"
  "50555","52368","62076"
  "70496","71483","82017"
  "90859","91987","102621"
  "111282","111866","122400"
  "131404","132371","145865"

  "14422","15086","28380"
  "39659","40364","54322"
  "62681","65883","75309"
  "84434","85723","99761"
  "107576","108563","120668"
  "128604","130296","140669"
  "149169","150981","162160"

"16798", "18611", "29789"
"41169", "42982", "55571"
"63063", "64171", "75652"
"86327", "88119", "99802"
"109872", "114545", "126086"
"133700", "136036", "148182"
"167850", "159219", "169794"

"7271", "8741", "22881"
"30656", "32045", "43425"
"51180", "52852", "65118"
"74725", "76095", "87173"
"98372", "99761", "106912"
"116862", "118090", "130296"
"137829", "138997", "150156"

"6647", "8016", "20021"
"28984", "30656", "40666"
"50435", "51683", "64473"
"74786", "76860", "88160"
"96257", "97908", "110356"
"117728", "119399", "131444"
"139622", "140870", "151525"

"6768", "8077", "18913"
"25640", "26607", "37907"
"46366", "47292", "58149"
"65682", "66931", "78935"
"87374", "88422", "100023"
"106891", "108160", "118594"
"125543", "126691", "137607"





